journal/342021017,IEEE Trans. Contr. Sys. Techn.
journal/764548221,Cognitive Systems Research
journal/-1481122417,Control and Intelligent Systems
journal/-1625349452,J. Cheminformatics
journal/1084235038,T. Rough Sets
journal/-2134690410,IJAHUC
journal/1598974049,Adv. Comput. Math.
journal/1320335132,Journal of Intelligent and Fuzzy Systems
journal/2576695,TKDD
journal/343464919,IEEE Transactions on Communications
journal/492427377,Computers & Mathematics with Applications
journal/2067241427,"IEEE Transactions on Audio, Speech & Language Processing"
journal/1315545864,Inf. Sci.
journal/316618209,Concurrency and Computation: Practice and Experience
journal/-1137442650,CVGIP: Graphical Model and Image Processing
journal/2248619,IJWA
journal/1858430374,Knowledge Eng. Review
journal/2507973,RASI
conf/msr/2006,"Proceedings of the 2006 International Workshop on Mining Software Repositories, MSR 2006, Shanghai, China, May 22-23, 2006",2006,ACM,db/conf/msr/msr2006.html
journal/-1095527567,I. J. Humanoid Robotics
journal/-2113835794,JASIST
conf/aime/2011k,"Knowledge Representation for Health-Care - AIME 2011 Workshop KR4HC 2011, Bled, Slovenia, July 2-6, 2011. Revised Selected Papers",2012,Springer,db/conf/aime/kr4hc2011.html
journal/2132277097,IEEE Trans. Knowl. Data Eng.
conf/securware/2007,"Proceedings of the First International Conference on Emerging Security Information, Systems and Technologies, SECURWARE 2007, October 14-20, 2007, Valencia, Spain",2007,IEEE,db/conf/securware/securware2007.html
journal/-1358174279,BMC Systems Biology
journal/-1521458525,J. Org. Computing and E. Commerce
journal/1066631244,Comp. Math. Methods in Medicine
journal/1351958032,Int. J. Comput. Geometry Appl.
journal/312070559,Inf. Manag. Comput. Security
journal/2606687,TiiS
journal/879164705,IEEE J. Biomedical and Health Informatics
journal/1622752778,Datenbank-Spektrum
journal/-2057885899,Informatica (Slovenia)
journal/2210,EG
journal/1589984536,Speech Communication
journal/70359078,JASIS
journal/-1622481625,Knowl. Inf. Syst.
journal/131704448,J. Algorithms
journal/1127648304,Telecommunication Systems
conf/sg/2011,"Smart Graphics - 11th International Symposium, SG 2011, Bremen, Germany, July 18-20, 2011. Proceedings",2011,Springer,db/conf/sg/sg2011.html
journal/69688300,IJCIS
journal/-2134697679,IJAACS
journal/-1945092903,"Cyberpsy., Behavior, and Soc. Networking"
journal/1643083985,Human Factors
journal/-1375308674,J. Systems & Control Engineering
journal/2008733807,Decision Support Systems
journal/-1331761018,IEEE Communications Surveys and Tutorials
journal/2112530600,IEEE Signal Process. Mag.
journal/6530329,Simul. Pr. Theory
journal/616462839,ACM Journal of Experimental Algorithmics
journal/69688455,IJCNS
conf/tfcv/2000,"Multi-Image Analysis, 10th International Workshop on Theoretical Foundations of Computer Vision Dagstuhl Castle, Germany, March 12-17, 2000, Revised Papers",2001,Springer,db/conf/tfcv/tfcv2000.html
journal/-2134441557,IJISSS
journal/-1740052883,IEEE Transactions on Information Technology in Biomedicine
journal/1145010497,"Computer Vision, Graphics, and Image Processing"
conf/aihc/2007,"Artifical Intelligence for Human Computing, ICMI 2006 and IJCAI 2007 International Workshops, Banff, Canada, November 3, 2006, Hyderabad, India, January 6, 2007, Revised Seleced and Invited Papers",2007,Springer,db/conf/aihc/aihc2007.html
journal/61389535,Computing in Science and Engineering
journal/-1760082058,EURASIP J. Emb. Sys.
journal/1716952976,J. Digit. Inf.
journal/1432541672,SCIENCE CHINA Information Sciences
journal/-1171779405,IEEE Transactions on Intelligent Transportation Systems
journal/229923134,Appl. Math. Lett.
journal/1188069098,J. Comput. Syst. Sci.
journal/752700700,Computer Methods and Programs in Biomedicine
journal/-165554517,Combinatorica
journal/349729014,Comp. Opt. and Appl.
journal/-263181171,Dagstuhl Reports
journal/473331346,Adv. Human-Computer Interaction
conf/nips/2001,"Advances in Neural Information Processing Systems 14 [Neural Information Processing Systems: Natural and Synthetic, NIPS 2001, December 3-8, 2001, Vancouver, British Columbia, Canada]",2001,MIT Press,db/conf/nips/nips2001.html
journal/-1455102110,Sig. Proc.: Image Comm.
journal/176529989,Front. Neuroinform.
journal/69699270,IJNVO
journal/-1503492908,Advances in Adaptive Data Analysis
journal/-1818419547,Distributed and Parallel Databases
journal/-83780974,Interacting with Computers
conf/cscwd/2010,"Proceedings of the 2010 14th International Conference on Computer Supported Cooperative Work in Design, CSCWD 2010, April 14-16, 2010, Fudan University, Shanghai, China",2010,IEEE,db/conf/cscwd/cscwd2010.html
journal/472621120,IEEE Micro
journal/-1583392466,IEEE Communications Letters
journal/-470065284,"IEEE Transactions on Systems, Man, and Cybernetics"
journal/286650631,Multiagent and Grid Systems
journal/145485395,IPSJ T. on System LSI Design Methodology
journal/-2143491794,Bioinformatics [ISMB]
journal/1219089161,I. J. Artificial Intelligence in Education
journal/518768268,American J. Computational Mathematics
journal/-1949116270,I. J. RF Technol.: Res. and Appl.
conf/csclp/2005,"Recent Advances in Constraints, Joint ERCIM/CoLogNET International Workshop on Constraint Solving and Constraint Logic Programming, CSCLP 2005, Uppsala, Sweden, June 20-22, 2005, Revised Selected and Invited Papers",2006,Springer,db/conf/csclp/csclp2005.html
journal/-471657862,Procesamiento del Lenguaje Natural
journal/360125438,"Combinatorics, Probability & Computing"
journal/1260627321,J. Comp. Assisted Learning
journal/310798027,Int. J. Image Graphics
journal/1615182035,IEEE Trans. Smart Grid
journal/212864536,MIS Quarterly Executive
journal/-126292974,Advanced Engineering Informatics
journal/70907684,JTAER
journal/-2007997362,Frontiers of Computer Science
conf/siggraph/1989,"Proceedings of the 16th Annual Conference on Computer Graphics and Interactive Techniques, SIGGRAPH 1989",1989,ACM,db/conf/siggraph/siggraph1989.html
journal/-2134561003,IJESJP
journal/-194427336,BMC Med. Inf. & Decision Making
journal/-389903504,AI in Engineering
conf/interspeech/2014,"INTERSPEECH 2014, 15th Annual Conference of the International Speech Communication Association, Singapore, September 14-18, 2014",2014,ISCA,db/conf/interspeech/interspeech2014.html
journal/474526963,Proceedings of the IEEE
journal/1267186362,Digital Investigation
journal/-982555392,International Journal of Geographical Information Science
journal/-1096804499,J. Integrative Bioinformatics
journal/-1919506316,J. Economic Theory
journal/2099522365,IEEE Pervasive Computing
journal/-779075981,IEEE T. Cybernetics
journal/1203376698,Int. J. Hum.-Comput. Stud.
conf/dagstuhl/2007P7381,"Cryptography, 16.09. - 21.09.2007",2008,"Internationales Begegnungs- und Forschungszentrum fuer Informatik (IBFI), Schloss Dagstuhl, Germany",db/conf/dagstuhl/P7381.html
conf/cp/1996,"Proceedings of the Second International Conference on Principles and Practice of Constraint Programming, Cambridge, Massachusetts, USA, August 19-22, 1996",1996,Springer,db/conf/cp/cp96.html
journal/-1729950405,Theor. Comput. Sci.
journal/69689689,IJDWM
journal/-1195386197,Web Intelligence and Agent Systems
journal/-1896056258,Computers & Geosciences
journal/1254399416,Information Fusion
journal/-903095464,Social Networks
journal/-674795235,SIAM J. Discrete Math.
journal/69687339,IJBIS
journal/430666297,IEEE Trans. Comput. Intellig. and AI in Games
journal/258127763,IEEE Communications Magazine
conf/ecai/2010k,"Knowledge Representation for Health-Care - ECAI 2010 Workshop KR4HC 2010, Lisbon, Portugal, August 17, 2010, Revised Selected Papers",2011,Springer,db/conf/ecai/kr4hc2010.html
conf/iva/2005,"Intelligent Virtual Agents, 5th International Working Conference, IVA 2005, Kos, Greece, September 12-14, 2005, Proceedings",2005,Springer,db/conf/iva/iva2005.html
conf/softvis/2003,"Proceedings ACM 2003 Symposium on Software Visualization, San Diego, California, USA, June 11-13, 2003",2003,ACM,db/conf/softvis/softvis2003.html
journal/-238125003,Computer-Aided Design
journal/990658706,New Media & Society
journal/-1593098166,Microelectronics Journal
journal/-2132910225,J. ACM
conf/softvis/2006,"Proceedings of the ACM 2006 Symposium on Software Visualization, Brighton, UK, September 4-5, 2006",2006,ACM,db/conf/softvis/softvis2006.html
journal/1297507352,J. Web Eng.
journal/53823559,Computers & Chemical Engineering
journal/-1684032623,Journal of Mathematical Imaging and Vision
journal/1724618998,IEEE Computational Intelligence Bulletin
journal/1709865717,"Journal of Circuits, Systems, and Computers"
journal/442376216,Machine Translation
journal/1846868540,Biosystems
journal/-2134474745,IJHPCA
journal/-1816216528,KES Journal
journal/-74469008,Progress in AI
journal/261568925,BMC Bioinformatics
journal/2248311,IJMC
conf/sara/2009,"Eighth Symposium on Abstraction, Reformulation, and Approximation, SARA 2009, Lake Arrowhead, California, USA, 8-10 August 2009",2009,AAAI,db/conf/sara/sara2009.html
journal/-1991453458,Science in China Series F: Information Sciences
journal/-1720154208,Comput. Lang.
journal/82819,TAP
conf/iui/2014c,"IUI'14 19th International Conference on Intelligent User Interfaces, IUI'14, Haifa, Israel, February 24-27, 2014, Companion Volume.",2014,ACM,db/conf/iui/iui2014c.html
conf/tvx/2014,"ACM International Conference on Interactive Experiences for TV and Online Video, TVX '14, Newcastle Upon Tyne, United Kingdom, June 25-27, 2014",2014,ACM,db/conf/tvx/tvx2014.html
journal/-1887841165,IRE Transactions on Information Theory
conf/codes/2003,"Proceedings of the 1st IEEE/ACM/IFIP International Conference on Hardware/Software Codesign and System Synthesis, CODES+ISSS 2003, Newport Beach, CA, USA, October 1-3, 2003",2003,ACM,db/conf/codes/codes2003.html
journal/1055826425,J. Sensor and Actuator Networks
conf/ivic/2013,"Advances in Visual Informatics - Third International Visual Informatics Conference, IVIC 2013, Selangor, Malaysia, November 13-15, 2013. Proceedings",2013,Springer,db/conf/ivic/ivic2013.html
journal/725360084,Commun. ACM
journal/1944627465,J. Visual Communication and Image Representation
journal/-1679305684,IEEE Transactions on Neural Networks
journal/-443408945,Ars Comb.
journal/221724201,Multimedia Tools Appl.
journal/468542919,Inf. Process. Lett.
journal/-1291849768,Int. J. Game Theory
journal/-1989600748,J. Digital Imaging
journal/-288797526,IEEE Network
conf/ewsn/2009,"Wireless Sensor Networks, 6th European Conference, EWSN 2009, Cork, Ireland, February 11-13, 2009. Proceedings",2009,Springer,db/conf/ewsn/ewsn2009.html
journal/1993247085,J. Comput. Meth. in Science and Engineering
journal/905557050,Artificial Intelligence in Medicine
journal/1551547438,IEEE Expert
journal/2277373,JITR
journal/1026106626,Fuzzy Sets and Systems
journal/-1330717788,Microprocessors and Microsystems
journal/73086033,Entropy
conf/vsl/2014kr4hc,"Knowledge Representation for Health Care - 6th International Workshop, KR4HC 2014, Held as Part of the Vienna Summer of Logic, VSL 2014, Vienna, Austria, July 21, 2014, Revised Selected Papers",2014,Springer,db/conf/vsl/kr4hc2014.html
journal/249242709,J. Artif. Intell. Res. (JAIR)
journal/-1127354375,Simulation Modelling Practice and Theory
journal/15269834,IEEE P&DT
journal/-2134234549,IJPRAI
journal/1626008947,ACM Comput. Surv.
journal/1885755051,Comp. in Bio. and Med.
journal/-2134337248,IJMDEM
journal/1508031211,Information Systems Research
journal/-1986107107,IEEE Data Eng. Bull.
journal/460180124,IEEE Trans. Vis. Comput. Graph.
journal/-342350874,Artif. Intell.
journal/2072593922,ACM Trans. Comput. Syst.
journal/-1307553164,Expert Syst. Appl.
journal/-211151251,Industrial Management and Data Systems
journal/-680911867,Artif. Intell. Rev.
journal/1653170163,Operating Systems Review
conf/dagstuhl/2005P5291,"Sublinear Algorithms, 17.07. - 22.07.2005",2006,"Internationales Begegnungs- und Forschungszentrum für Informatik (IBFI), Schloss Dagstuhl, Germany",db/conf/dagstuhl/P5291.html
conf/mc/2014,"Mensch &amp; Computer 2014 - Tagungsband, 14. Fachübergreifende Konferenz für Interaktive und Kooperative Medien - Interaktiv unterwegs - Freiräume gestalten, 31. August - 3. September 2014, München, Germany",2014,De Gruyter Oldenbourg,db/conf/mc/mc2014.html
journal/1719279370,Des. Codes Cryptography
journal/690216448,IEEE Transactions on Reliability
journal/-1169978454,Computational Biology and Chemistry
conf/colognet/2002,"Recent Advances in Constraints, Joint ERCIM/CologNet International Workshop on Constraint Solving and Constraint Logic Programming, Cork, Ireland, June 19-21, 2002. Selected Papers",2003,Springer,db/conf/colognet/colognet2002.html
journal/206327525,Journal of Computer-Aided Molecular Design
journal/-816214317,Open Syst. Inform. Dynam.
journal/82837,TBC
journal/-894683364,IT Professional
journal/2248201,IJIQ
journal/1561103076,IEEE Trans. Mob. Comput.
journal/932621458,Mobile Information Systems
journal/702459264,Real-Time Systems
journal/750262170,Internet Research
journal/3201392,iJET
journal/1822311017,Operational Research
journal/217477604,Empirical Software Engineering
journal/-497590888,ACM Trans. Comput.-Hum. Interact.
journal/-2038895203,IEEE Trans. Pattern Anal. Mach. Intell.
journal/-1932581190,Journal of Software Maintenance
journal/884920251,Int. J. Computer Integrated Manufacturing
journal/-382107757,IEEE Trans. Parallel Distrib. Syst.
journal/-1923299231,Int. J. Adv. Comp. Techn.
journal/-1659502382,INFORMS Journal on Computing
conf/graphicsinterface/2000,"Proceedings of the Graphics Interface 2000 Conference, May 15-17, 2000, Montréal, Québec, Canada",2000,Canadian Human-Computer Communications Society,db/conf/graphicsinterface/graphicsinterface2000.html
conf/bpm/2012k,"Process Support and Knowledge Representation in Health Care - BPM 2012 Joint Workshop, ProHealth 2012/KR4HC 2012, Tallinn, Estonia, September 3, 2012, Revised Selected Papers",2013,Springer,db/conf/bpm/kr4hc2012.html
journal/-548654746,IEEE Robot. Automat. Mag.
journal/112698288,Transportation Science
journal/2581760,TPLP
journal/-1398137709,BMC Genomics
journal/1409455566,J. Global Optimization
journal/-2072795912,Electronic Colloquium on Computational Complexity (ECCC)
journal/-1654006555,Data Science Journal
conf/nime/2001,"New Interfaces for Musical Expression, NIME-01, Proceedings, Seattle, April 1-2, 2001",2001,,db/conf/nime/nime2001.html
journal/963260975,IEEE MultiMedia
journal/-1365400835,Communications in Statistics - Simulation and Computation
conf/aime/2005,"Artificial Intelligence in Medicine, 10th Conference on Artificial Intelligence in Medicine, AIME 2005, Aberdeen, UK, July 23-27, 2005, Proceedings",2005,Springer,db/conf/aime/aime2005.html
journal/843269077,ACM SIGSOFT Software Engineering Notes
journal/2058302978,Natural Language Engineering
journal/399779213,"Inform., Forsch. Entwickl."
conf/mcam/2007,"Multimedia Content Analysis and Mining, International Workshop, MCAM 2007, Weihai, China, June 30 - July 1, 2007, Proceedings",2007,Springer,db/conf/mcam/mcam2007.html
journal/-1597826051,Int. J. Reconfig. Comp.
journal/1023488918,Int. J. Hybrid Intell. Syst.
journal/-321069670,International Journal on Artificial Intelligence Tools
journal/1097955212,The New Review of Hypermedia and Multimedia
journal/-497378883,IEICE Electronic Express
journal/352188495,Information Security Journal: A Global Perspective
journal/1560992623,IEEE T. Robotics and Automation
journal/-186817179,"IEEE Transactions on Systems, Man, and Cybernetics, Part B"
journal/437657195,Computer Speech & Language
journal/2087440388,Journal of Machine Learning Research
journal/-1911054605,Environmental Modelling and Software
conf/cikm/2008books,"Proceedings of the 2008 ACM Workshop on Research Advances in Large Digital Book Repositories, BooksOnline 2008, Napa Valley, California, USA, October 30, 2008",2008,ACM,db/conf/cikm/books2008.html
journal/-1281545608,Security and Communication Networks
conf/iccv/2007hci,"Human-Computer Interaction, IEEE International Workshop, HCI 2007, Rio de Janeiro, Brazil, October 20, 2007, Proceedings",2007,Springer,db/conf/iccv/iccv-hci2007.html
conf/isi/2005,"Intelligence and Security Informatics, IEEE International Conference on Intelligence and Security Informatics, ISI 2005, Atlanta, GA, USA, May 19-20, 2005, Proceedings",2005,Springer,db/conf/isi/isi2005.html
conf/graphicsinterface/1998,"Proceedings of the Graphics Interface 1998 Conference, June 18-20, 1998, Vancouver, BC, Canada",1998,Canadian Human-Computer Communications Society,db/conf/graphicsinterface/graphicsinterface1998.html
journal/3201687,iJOE
journal/-1406663290,EURASIP J. Wireless Comm. and Networking
conf/indocrypt/2013,"Progress in Cryptology - INDOCRYPT 2013 - 14th International Conference on Cryptology in India, Mumbai, India, December 7-10, 2013. Proceedings",2013,Springer,db/conf/indocrypt/indocrypt2013.html
journal/69696298,IJKSS
journal/1500661871,Signal Processing Systems
journal/-1530142527,"Cognition, Technology & Work"
journal/-1728481037,Ann. Math. Artif. Intell.
journal/1892127980,IEEE Trans. Industrial Informatics
journal/-170663143,J. Intelligent Manufacturing
journal/-1738102693,Appl. Intell.
journal/2277250,JIPS
journal/3701191,SIGART Newsletter
conf/sg/2009,"Smart Graphics, 9th International Symposium, SG 2009, Salamanca, Spain, May 28-30, 2009. Proceedings",2009,Springer,db/conf/sg/sg2009.html
journal/-252477361,ACM Transactions on Algorithms
journal/-1346678978,J. Cryptographic Engineering
journal/2271268,JCIT
conf/ivic/2011-1,"Visual Informatics: Sustaining Research and Innovations - Second International Visual Informatics Conference, IVIC 2011, Selangor, Malaysia, November 9-11, 2011, Proceedings, Part I",2011,Springer,db/conf/ivic/ivic2011-1.html
journal/-19229524,AI Magazine
journal/-1375812368,IEEE Trans. Med. Imaging
journal/-186817178,"IEEE Transactions on Systems, Man, and Cybernetics, Part C"
journal/-1830549255,IEEE Internet Computing
journal/826644187,Wireless Personal Communications
journal/-1111668181,ACM TIST
journal/409086936,Algorithmica
conf/icpr/2008wmmp,"Mobile Multimedia Processing: Fundamentals, Methods, and Applications [outcome of the First International Workshop of Mobile Multimedia Processing (WMMP 2008), Tampa, Florida, USA, December 7, 2008]",2010,Springer,db/conf/icpr/wmmp2008.html
journal/952642616,Systems and Computers in Japan
journal/-1210585187,J. Aerospace Inf. Sys.
conf/nspw/2014,"Proceedings of the 2014 workshop on New Security Paradigms Workshop, Victoria, BC, Canada, September 15-18, 2014",2014,ACM,db/conf/nspw/nspw2014.html
journal/682235428,I. J. Bifurcation and Chaos
journal/-427921896,Queueing Syst.
journal/-2144599939,Software Quality Journal
conf/iccv/2005hci,"Computer Vision in Human-Computer Interaction, ICCV 2005 Workshop on HCI, Beijing, China, October 21, 2005, Proceedings",2005,Springer,db/conf/iccv/iccv-hci2005.html
journal/-938825771,Games and Economic Behavior
journal/-1940938803,SIAM J. Applied Dynamical Systems
conf/icmi/2011,"Proceedings of the 13th International Conference on Multimodal Interfaces, ICMI 2011, Alicante, Spain, November 14-18, 2011",2011,ACM,db/conf/icmi/icmi2011.html
journal/621048636,J. Digital Forensic Practice
journal/1483354655,Perform. Eval.
journal/-2134474732,IJHPCN
journal/1443605849,Neurocomputing
journal/-620233403,IEEE T. Geoscience and Remote Sensing
journal/-2134625573,IJCNDS
journal/2567065,TACO
journal/-900587624,New Generation Comput.
conf/sg/2014,"Smart Graphics - 12th International Symposium, SG 2014, Taipei, Taiwan, August 27-29, 2014. Proceedings",2014,Springer,db/conf/sg/sg2014.html
journal/-2135175255,Pattern Anal. Appl.
conf/egpgv/2009,"Eurographics Symposium on Parallel Graphics and Visualization, EGPGV 2009, Munich, Germany",2009,Eurographics Association,db/conf/egpgv/egpgv2009.html
conf/vcip/2001,Visual Communications and Image Processing 2001,2000,SPIE,db/conf/vcip/vcip2001.html
journal/-876017408,IEEE Computer Graphics and Applications
journal/-355266836,Discrete Applied Mathematics
journal/1415757103,PLoS Computational Biology
journal/-1229430237,IEEE Trans. Consumer Electronics
journal/2002230738,Applied Ontology
journal/1024194454,ACM Trans. Program. Lang. Syst.
journal/-1357787358,Australasian J. of Inf. Systems
journal/1435925716,Minds and Machines
journal/-1652563208,Computers in Human Behavior
journal/-1347071046,Distributed Systems Engineering
journal/990391455,Personal and Ubiquitous Computing
conf/nossdav/2004,"Network and Operating System Support for Digital Audio and Video, 14th International Workshop, NOSSDAV 2004, Cork, Ireland, June 16-18, 2004, Proceedings",2004,ACM,db/conf/nossdav/nossdav2004.html
journal/468512438,Journal of Chinese Language and Computing
journal/1085156678,Neural Networks
journal/-356925781,IEEE Software
conf/isips/2008,"Protecting Persons While Protecting the People, Second Annual Workshop on Information Privacy and National Security, ISIPS 2008, New Brunswick, NJ, USA, May 12, 2008. Revised Selected Papers",2009,Springer,db/conf/isips/isips2008.html
conf/gecco/2008c,"Genetic and Evolutionary Computation Conference, GECCO 2008, Proceedings, Atlanta, GA, USA, July 12-16, 2008, Companion Material",2008,ACM,db/conf/gecco/gecco2008c.html
journal/-463779718,Cryptography and Communications
journal/69693911,IJIDS
journal/-486328506,Journal of Biomedical Informatics
journal/-425332853,Int. J. Comput. Math.
journal/-1739793978,IJMHeur
journal/1175017935,ACM Trans. Comput. Log.
conf/iva/2006,"Intelligent Virtual Agents, 6th International Conference, IVA 2006, Marina Del Rey, CA, USA, August 21-23, 2006, Proceedings",2006,Springer,db/conf/iva/iva2006.html
journal/-1858663147,Applied Mathematics and Computer Science
journal/715231260,IEEE Trans. Neural Netw. Learning Syst.
journal/2008269547,J. Ambient Intelligence and Humanized Computing
journal/-1957302346,Automatica
journal/1048509389,Microelectronics Reliability
journal/1088634799,"IEEE/ACM Transactions on Audio, Speech & Language Processing"
journal/1063149512,IEEE Signal Process. Lett.
journal/10300863,Comput. Sci. Inf. Syst.
journal/-1669681219,Natural Computing
journal/1675659664,Softwaretechnik-Trends
journal/825475657,Service Oriented Computing and Applications
journal/69694401,IJITM
journal/554401553,Computers in Industry
journal/-441007717,IEEE Trans. Automat. Contr.
journal/-699943066,J. Clinical Bioinformatics
journal/64948898,Computers & Security
journal/-319075398,GeoInformatica
journal/1920538294,Information Systems Frontiers
journal/701694503,Simulation
conf/cp/1995w,Over-Constrained Systems,1996,Springer,db/conf/cp/cp1995w.html
journal/1203334324,Pattern Recognition Letters
journal/338670895,Inf. Services and Use
conf/dagstuhl/2005P5261,"Multi-Version Program Analysis, 26. June - 1. July 2005",2006,"Internationales Begegnungs- und Forschungszentrum für Informatik (IBFI), Schloss Dagstuhl, Germany",db/conf/dagstuhl/P5261.html
journal/1523068278,ACM Trans. Model. Comput. Simul.
journal/1378111525,Networks
journal/-774608346,IEICE Transactions
journal/-1455959086,IEEE/ACM Trans. Comput. Biology Bioinform.
journal/-2027001428,Information Technology and Management
journal/-1149542868,The Visual Computer
journal/-304642102,The Journal of Supercomputing
journal/28127318,SIAM Review
journal/-693242920,"J. Comb. Theory, Ser. B"
journal/1184956129,Brain Connectivity
journal/798593314,Fundam. Inform.
journal/1468071187,I. J. Network Security
conf/eurogp/2003,"Genetic Programming, 6th European Conference, EuroGP 2003, Essex, UK, April 14-16, 2003. Proceedings",2003,Springer,db/conf/eurogp/eurogp2003.html
journal/-2013810239,Formal Asp. Comput.
journal/69686558,IJAOM
conf/cbms/2013,"Proceedings of the 26th IEEE International Symposium on Computer-Based Medical Systems, Porto, Portugal, June 20-22, 2013",2013,IEEE,db/conf/cbms/cbms2013.html
conf/eurogp/2002,"Genetic Programming, 5th European Conference, EuroGP 2002, Kinsale, Ireland, April 3-5, 2002, Proceedings",2002,Springer,db/conf/eurogp/eurogp2002.html
journal/2127883348,Inf. Syst.
journal/-1952859937,International Journal of Computer Vision
journal/-1415251061,Signal Processing
journal/-1746902154,IJERTCS
journal/-533197118,SIAM J. Comput.
journal/2567007,TAAS
journal/2248297,IJLT
journal/89714356,J. Low Power Electronics
conf/sigopsE/2002,"Proceedings of the 10th ACM SIGOPS European Workshop, Saint-Emilion, France, July 1, 2002",2002,ACM,db/conf/sigopsE/sigopsE2002.html
journal/-495672140,International Journal of Information Technology and Decision Making
journal/1809733982,Cognitive Science
journal/-1522385363,Advanced Robotics
journal/-1724651502,Comput. Geom.
conf/aics/2002,"Artificial Intelligence and Cognitive Science, 13th Irish International Conference, AICS 2002, Limerick, Ireland, September 12-13, 2002, Proceedings",2002,Springer,db/conf/aics/aics2002.html
journal/-375005063,Photonic Network Communications
journal/-1202860550,ECEASST
journal/70349764,JAISE
journal/223261408,it+ti - Informationstechnik und Technische Informatik
journal/-554711973,Finance and Stochastics
journal/-1942741018,J. Comb. Optim.
journal/-1136115425,J. Sel. Topics Signal Processing
journal/-1065309886,J. Network Syst. Manage.
journal/2019548191,IEEE Computer
journal/-1875328658,European Transactions on Telecommunications
conf/nicso/2011,"Nature Inspired Cooperative Strategies for Optimization, NICSO 2011, Cluj-Napoca, Romania, October 20-22, 2011",2012,Springer,db/conf/nicso/nicso2011.html
journal/-1532395381,IEEE Wireless Commun.
conf/sg/2008,"Smart Graphics, 8th International Symposium, SG 2008, Rennes, France, August 27-29, 2008. Proceedings",2008,Springer,db/conf/sg/sg2008.html
journal/69707628,IJWMC
journal/-847810918,Adv. Bioinformatics
conf/visualization/1998,"Visualization '98, Proceedings, October 18-23, 1998, Research Triangle Park, North Carolina, USA.",1998,IEEE Computer Society and ACM,db/conf/visualization/visualization1998.html
journal/2248538,IJTM
journal/743009512,J. Electronic Testing
journal/-23679007,Annals of GIS
conf/sg/2006,"Smart Graphics, 6th International Symposium, SG 2006, Vancouver, Canada, July 23-25, 2006, Proceedings",2006,Springer,db/conf/sg/sg2006.html
journal/1542342164,Journal of Software: Evolution and Process
conf/sg/2003,"Smart Graphics, Third International Symposium, SG 2003, Heidelberg, Germany, July 2-4, 2003, Proceedings",2003,Springer,db/conf/sg/sg2003.html
journal/-975653392,Health Informatics Journal
conf/cscwd/2007,"Proceedings of the 11th International Conference on Computer Supported Cooperative Work in Design, CSCWD 2007, April 26-28, 2007, Melbourne, Australia",2007,IEEE,db/conf/cscwd/cscwd2007.html
journal/-2101813762,Journal of Zhejiang University - Science C
journal/1553845361,Optimization Methods and Software
journal/-1212022501,Presence
conf/graphicsinterface/1997,"Proceedings of the Graphics Interface 1997 Conference, May 21-23, 1997, Kelowna, BC, Canada",1997,Canadian Human-Computer Communications Society,db/conf/graphicsinterface/graphicsinterface1997.html
journal/1899184094,Acta Inf.
conf/ic3/2014,"Seventh International Conference on Contemporary Computing, IC3 2014, Noida, India, August 7-9, 2014",2014,IEEE,db/conf/ic3/ic3-2014.html
journal/69689354,IJDLS
conf/ecai/2012,"ECAI 2012 - 20th European Conference on Artificial Intelligence. Including Prestigious Applications of Artificial Intelligence (PAIS-2012) System Demonstrations Track, Montpellier, France, August 27-31 , 2012",2012,IOS Press,db/conf/ecai/ecai2012.html
conf/visualization/1999,"IEEE Visualization 1999, 24-29 October 1999, San Francisco, CA, USA, Proceedings.",1999,IEEE Computer Society and ACM,db/conf/visualization/visualization1999.html
conf/cscwd/2007lncs,"Computer Supported Cooperative Work in Design IV, 11th International Conference, CSCWD 2007, Melbourne, Australia, April 26-28, 2007. Revised Selected Papers",2008,Springer,db/conf/cscwd/cscwd2007lncs.html
journal/1013583181,Image Vision Comput.
journal/1315557210,Inf. Soc.
journal/-1373386102,IEEE Design & Test
conf/ieeevast/2014,"2014 IEEE Conference on Visual Analytics Science and Technology, VAST 2014, Paris, France, October 25-31, 2014",2014,IEEE,db/conf/ieeevast/ieeevast2014.html
journal/-1363430308,Annals OR
journal/-588829507,J. Computer Virology and Hacking Techniques
journal/-1838525549,Adaptive Behaviour
journal/-320199165,AI EDAM
journal/-1900348179,I. J. Medical Informatics
journal/1917861169,Int. J. General Systems
journal/2124575483,Int. J. Hum. Comput. Interaction
journal/2248513,IJSS
journal/-1930346362,Computers & Education
journal/-1749263051,IJCALLT
journal/458509461,Int. J. Computer Games Technology
journal/988700805,ACM Trans. Graph.
journal/831363655,Wireless Networks
journal/-433209839,AI Commun.
journal/80087622,TRETS
journal/1035174769,Journal of Communications and Networks
journal/-424225599,TOMCCAP
journal/105596842,J. Vis. Lang. Comput.
journal/-1688746469,Studia Logica
conf/pervasive/2010,"Pervasive Computing, 8th International Conference, Pervasive 2010, Helsinki, Finland, May 17-20, 2010. Proceedings",2010,Springer,db/conf/pervasive/pervasive2010.html
journal/83256,TOS
journal/316924268,IEEE T. Fuzzy Systems
journal/1784910129,Applied Mathematics and Computation
journal/-1280115741,Intelligent Service Robotics
conf/ecoop/1998,"ECOOP'98 - Object-Oriented Programming, 12th European Conference, Brussels, Belgium, July 20-24, 1998, Proceedings",1998,Springer,db/conf/ecoop/ecoop98.html
journal/2248032,IJDC
journal/-635289205,Journal of Interconnection Networks
journal/-792679192,Finite Fields and Their Applications
journal/776311868,Ad Hoc & Sensor Wireless Networks
journal/-2129743952,Micromachines
journal/-1178005088,Advances in Engineering Software
conf/sg/2005,"Smart Graphics, 5th International Symposium, SG 2005, Frauenwörth Cloister, Germany, August 22-24, 2005, Proceedings",2005,Springer,db/conf/sg/sg2005.html
journal/-305279348,Journal of Systems Architecture - Embedded Systems Design
conf/cogart/2011,"CogART 2011, International Conference on Cognitive Radio and Advanced Spectrum Management, Barcelona, Spain, October 26-29, 2011",2011,ACM,db/conf/cogart/cogart2011.html
journal/2248079,IJES
journal/160655886,Frontiers of Computer Science in China
journal/975009217,Int. J. Neural Syst.
journal/548801459,J. Enterprise Inf. Management
journal/-9812803,Computers & Electrical Engineering
journal/-1560306217,In Silico Biology
conf/iwcmc/2007,"Proceedings of the International Conference on Wireless Communications and Mobile Computing, IWCMC 2007, Honolulu, Hawaii, USA, August 12-16, 2007",2007,ACM,db/conf/iwcmc/iwcmc2007.html
journal/118026856,Computat. and Visualiz. in Science
journal/-1728928882,Robotics and Autonomous Systems
journal/474776668,IET Information Security
journal/-1008257937,J. Discrete Algorithms
journal/-268910321,J. Log. Algebr. Program.
journal/-1754163617,Int. J. Communication Systems
journal/1243113835,J. Cognitive Neuroscience
journal/-599130248,Concurrency - Practice and Experience
journal/-257431521,IEEE T. Instrumentation and Measurement
conf/vmv/2008,"Proceedings of the Vision, Modeling, and Visualization Conference 2008, VMV 2008, Konstanz, Germany, October 8-10, 2008",2008,Aka GmbH,db/conf/vmv/vmv2008.html
journal/1335155821,Data Min. Knowl. Discov.
conf/nips/2013,"Advances in Neural Information Processing Systems 26: 27th Annual Conference on Neural Information Processing Systems 2013. Proceedings of a meeting held December 5-8, 2013, Lake Tahoe, Nevada, United States.",2013,,db/conf/nips/nips2013.html
journal/-1591344635,Journal of Computer Security
journal/62813627,Library Trends
journal/2273514,JETC
journal/2275105,JGIM
journal/-478052355,Robotica
journal/-2134596470,IJDMMM
conf/spieSR/2000,"Storage and Retrieval for Media Databases 2000, 26 January 2000, San Jose, CA, USA",2000,SPIE,db/conf/spieSR/spieSR2000.html
journal/829666857,Enterprise IS
conf/emnets/2007,"Proceedings of the 4th Workshop on Embedded Networked Sensors, EmNets 2007, Cork, Ireland, June 25-26, 2007",2007,ACM,db/conf/emnets/emnets2007.html
journal/69703972,IJSSE
journal/-890049321,Journal of Graph Theory
journal/-1262963896,International Journal of Internet and Enterprise Management
journal/-556167056,Cybernetics and Systems
journal/2248258,IJKL
journal/-750750652,Int. J. Cooperative Inf. Syst.
journal/170262067,J. Electrical and Computer Engineering
journal/236274944,User Model. User-Adapt. Interact.
conf/ki/2012,"KI 2012: Advances in Artificial Intelligence - 35th Annual German Conference on AI, Saarbrücken, Germany, September 24-27, 2012. Proceedings",2012,Springer,db/conf/ki/ki2012.html
journal/-1428740050,Int. J. Found. Comput. Sci.
journal/-1698799571,Computational Intelligence
journal/-610319596,SIGARCH Computer Architecture News
conf/qshine/2010,"Quality, Reliability, Security and Robustness in Heterogeneous Networks - 7th International Conference on Heterogeneous Networking for Quality, Reliability, Security and Robustness, QShine 2010, and Dedicated Short Range Communications Workshop, DSRC 2010, Houston, TX, USA, November 17-19, 2010, Revised Selected Papers",2012,Springer,db/conf/qshine/qshine2010.html
journal/1352343298,Computer Communications
journal/2398,KI
conf/qshine/2013,"Quality, Reliability, Security and Robustness in Heterogeneous Networks - 9th International Conference, QShine 2013, Greader Noida, India, January 11-12, 2013, Revised Selected Papers",2013,Springer,db/conf/qshine/qshine2013.html
journal/-72730781,Digital Signal Processing
journal/-1118589709,"Genomics, Proteomics & Bioinformatics"
journal/-354589354,Journal of Computational Chemistry
conf/icml/2007,"Machine Learning, Proceedings of the Twenty-Fourth International Conference (ICML 2007), Corvallis, Oregon, USA, June 20-24, 2007",2007,ACM,db/conf/icml/icml2007.html
journal/-1223655987,International Journal of Man-Machine Studies
journal/-1477963369,J. Solid-State Circuits
journal/1651072274,IEEE Transactions on Image Processing
journal/-2069580126,J. Grid Comput.
journal/69698793,IJNGC
journal/1935868165,IEEE Transactions on Wireless Communications
journal/1404564027,Informatik Spektrum
journal/70353294,JAMIA
journal/-419328615,ACM Trans. Inf. Syst.
journal/-1481914922,Biological Cybernetics
conf/cimaging/2010,"Computational Imaging VIII, part of the IS&amp;T-SPIE Electronic Imaging Symposium, San Jose, CA, USA, January 18-19, 2010, Proceedings",2010,SPIE,db/conf/cimaging/cimaging2010.html
journal/-778644217,Electr. Notes Theor. Comput. Sci.
journal/69688596,IJCSE
journal/2574943,TIIS
journal/69692500,IJGUC
journal/-2134441544,IJISTA
journal/1630334411,I. J. Robotic Res.
journal/-406365728,Frontiers of IT & EE
journal/-2134246939,IJPEDS
journal/69689566,IJDSN
journal/-1721866749,Industrial Robot
conf/beliv/2010,"Proceedings of the 3rd BELIV'10 Workshop: BEyond time and errors: novel evaLuation methods for Information Visualization, Atlanta, GA, USA, April 10-11, 2010",2010,ACM,db/conf/beliv/beliv2010.html
journal/-754398496,SIGMOD Record
conf/aime/2009k,"Knowledge Representation for Health-Care: Data, Processes and Guidelines, AIME 2009 Workshop KR4HC 2009, Verona, Italy, July 19, 2009, Revised Selected and Invited Papers",2010,Springer,db/conf/aime/k4care2009.html
conf/icml/1992,"Proceedings of the Ninth International Workshop on Machine Learning (ML 1992), Aberdeen, Scotland, UK, July 1-3, 1992",1992,Morgan Kaufmann,db/conf/icml/ml1992.html
journal/2105292,CoRR
journal/1650656035,Oper. Res. Lett.
journal/1168385420,Int. J. Applied Earth Observation and Geoinformation
journal/69707287,IJWBC
journal/69686375,IJAIP
journal/-955415574,"IEEE T. Systems, Man, and Cybernetics: Systems"
conf/nime/2005,"New Interfaces for Musical Expression, NIME-05, Proceedings, Vancouver, May 26-28, 2005",2005,"University of British Columbia, Media and Graphics Interdisciplinary Center (MAGIC)",db/conf/nime/nime2005.html
journal/393371859,IEEE Trans. Software Eng.
journal/1366000370,Int. J. Math. Mathematical Sciences
conf/beliv/2012,"Proceedings of the 2012 BELIV Workshop: Beyond Time and Errors - Novel Evaluation Methods for Visualization, Seattle, WA, USA, October 14-15, 2012",2012,ACM,db/conf/beliv/beliv2012.html
journal/437192663,IEEE Intelligent Systems
journal/-789543843,Computer Supported Cooperative Work
journal/1200630410,Biomed. Signal Proc. and Control
journal/1855652214,SIGKDD Explorations
journal/69704596,IJTHI
journal/-2134625418,IJCNIS
journal/1229683210,IEEE Trans. Evolutionary Computation
conf/naacl/2009t,"Human Language Technologies: Conference of the North American Chapter of the Association of Computational Linguistics, Proceedings, May 31 - June 5, 2009, Boulder, Colorado, USA, Tutorial Abstracts",2009,The Association for Computational Linguistics,db/conf/naacl/naacl2009t.html
journal/431996877,Trans. Emerging Telecommunications Technologies
journal/83164,TLT
conf/dagstuhl/2007P7291,"Scientific Visualization, 15.07. - 20.07.2007",2008,"Internationales Begegnungs- und Forschungszentrum fuer Informatik (IBFI), Schloss Dagstuhl, Germany",db/conf/dagstuhl/P7291.html
journal/-857782157,Social Netw. Analys. Mining
journal/152657926,Electr. J. Comb.
journal/-1637463761,IEEE J. Rob. Autom.
journal/1779808418,Neuroinformatics
journal/-810801220,IMA J. Math. Control & Information
journal/-909716409,Electronic Notes in Discrete Mathematics
journal/-2134630421,IJCICG
journal/378711306,Med. Biol. Engineering and Computing
conf/podc/1992,"Proceedings of the Eleventh Annual ACM Symposium on Principles of Distributed Computing, Vancouver, British Columbia, Canada, August 10-12, 1992",1992,ACM,db/conf/podc/podc92.html
journal/-1923181214,Int J. Information Management
journal/-1674694704,Electronic Commerce Research and Applications
journal/2081094050,Comp. Med. Imag. and Graph.
journal/-1859982348,Systems & Control Letters
journal/-298924302,J. Mathematical Cryptology
journal/-123721049,Microprocessing and Microprogramming
journal/288785415,Computer Aided Geometric Design
journal/-82958186,Journal of Intelligent and Robotic Systems
journal/-1847140920,Computing and Informatics
conf/infovis/2000,"IEEE Symposium on Information Visualization 2000 (INFOVIS'00), Salt Lake City, Utah, USA, October 9-10, 2000.",2000,IEEE Computer Society,db/conf/infovis/infovis2000.html
journal/1111245273,Graphs and Combinatorics
conf/cpaior/2006,"Integration of AI and OR Techniques in Constraint Programming for Combinatorial Optimization Problems, Third International Conference, CPAIOR 2006, Cork, Ireland, May 31 - June 2, 2006, Proceedings",2006,Springer,db/conf/cpaior/cpaior2006.html
journal/-1664599913,Electronic Publishing
journal/69694373,IJISP
journal/404435758,International Journal of Parallel Programming
journal/-1167091147,SIGART Bulletin
journal/1388205231,Journal of Systems Architecture
journal/562806987,J. Internet Services and Applications
journal/1403329460,Quantum Information & Computation
journal/950970743,J. Applied Mathematics
journal/1633686970,Periodica Mathematica Hungarica
journal/1881746715,Future Generation Comp. Syst.
journal/477296415,Quality and Reliability Eng. Int.
journal/993857154,I. J. Comput. Appl.
journal/-452033640,INFORMS T. Education
journal/-343040320,International Journal of Geographical Information Systems
journal/-1579544517,Spatial Cognition & Computation
journal/-1491908690,Computers & Industrial Engineering
conf/siggraph/1992,"Proceedings of the 19th Annual Conference on Computer Graphics and Interactive Techniques, SIGGRAPH 1992",1992,ACM,db/conf/siggraph/siggraph1992.html
journal/521175281,IEEE Transactions on Signal Processing
journal/521123276,ACM Trans. Management Inf. Syst.
journal/855755678,BioData Mining
journal/-1379640072,J. Spatial Information Science
journal/61165078,Constraints
conf/csclp/2009,"Recent Advances in Constraints - 14th Annual ERCIM International Workshop on Constraint Solving and Constraint Logic Programming, CSCLP 2009, Barcelona, Spain, June 15-17, 2009, Revised Selected Papers",2011,Springer,db/conf/csclp/csclp2009.html
conf/siggraph/1990panel,"Panel Proceedings of the 17th Annual Conference on Computer Graphics and Interactive Techniques, SIGGRAPH 1990, 1990, Dallas, TX, USA",1990,ACM,db/conf/siggraph/siggraph1990panel.html
journal/71733662,JoWUA
journal/33982386,Multimedia Syst.
conf/ivic/2011-2,"Visual Informatics: Sustaining Research and Innovations - Second International Visual Informatics Conference, IVIC 2011, Selangor, Malaysia, November 9-11, 2011, Proceedings, Part II",2011,Springer,db/conf/ivic/ivic2011-2.html
journal/-1470751308,Integration
journal/1760126177,Neural Processing Letters
conf/mc/2014w,"Mensch &amp; Computer 2014 - Workshopband, 14. Fachübergreifende Konferenz für Interaktive und Kooperative Medien - Interaktiv unterwegs - Freiräume gestalten, 31. August - 3. September 2014, München, Germany",2014,De Gruyter Oldenbourg,db/conf/mc/mc2014w.html
journal/-741015782,J. Location Based Services
journal/-1302692047,Information & Management
journal/-983856587,Computers in Entertainment
journal/725531304,Design Autom. for Emb. Sys.
conf/iui/2014,"IUI'14 19th International Conference on Intelligent User Interfaces, IUI'14, Haifa, Israel, February 24-27, 2014",2014,ACM,db/conf/iui/iui2014.html
journal/499431090,Memetic Computing
journal/479374016,Parallel Algorithms Appl.
journal/349725713,Displays
journal/1010037737,IEEE T. Human-Machine Systems
journal/-1973921055,Genetic Programming and Evolvable Machines
journal/1539470344,Random Struct. Algorithms
journal/-450194514,IEEE Trans. on CAD of Integrated Circuits and Systems
journal/69688053,IJCAT
journal/1622340549,IEEE Transactions on Multimedia
journal/1567708945,J. Field Robotics
journal/-1223150128,Medical Image Analysis
journal/-1612262502,ACM Trans. Softw. Eng. Methodol.
journal/-122816069,IACR Cryptology ePrint Archive
conf/iwec/2011,"Entertainment Computing - ICEC 2011 - 10th International Conference, ICEC 2011, Vancouver, Canada, October 5-8, 2011. Proceedings",2011,Springer,db/conf/iwec/icec2011.html
journal/753384991,J. Braz. Comp. Soc.
journal/155599345,"Softw., Pract. Exper."
journal/-796518094,Mathematical Structures in Computer Science
journal/-321401847,Journal of Chemical Information and Computer Sciences
conf/cp/2014,"Principles and Practice of Constraint Programming - 20th International Conference, CP 2014, Lyon, France, September 8-12, 2014. Proceedings",2014,Springer,db/conf/cp/cp2014.html
conf/nph/2007,"Proceedings of the Eurographics Workshop on Natural Phenomena, NPH 2007, Prague, Czech Republic, 2007.",2007,Eurographics Association,db/conf/nph/nph2007.html
journal/176134368,Journal of WSCG
journal/880207594,Autonomous Agents and Multi-Agent Systems
journal/467585945,Parallel Processing Letters
journal/-2132890999,J. UCS
journal/-429718809,Computer Communication Review
journal/76518916,PVLDB
journal/1036533737,Bulletin of the EATCS
journal/-567623830,Computer Networks
journal/-1320070201,ACM Trans. Inf. Syst. Secur.
journal/254006605,Human-Computer Interaction
journal/-2011811552,J. High Speed Networks
conf/cimaging/2009,"Computational Imaging VII, part of the IS&amp;T-SPIE Electronic Imaging Symposium, San Jose, CA, USA, January 19-20, 2009, Proceedings",2009,SPIE,db/conf/cimaging/cimaging2009.html
conf/ieeevast/2006,"IEEE Symposium On Visual Analytics Science And Technology, IEEE VAST 2006, October 31-November 2, 2006, Baltimore, Maryland, USA",2006,IEEE Computer Society,db/conf/ieeevast/ieeevast2006.html
journal/73271,JCP
journal/-1608708217,Management Science
journal/-1207331752,European Journal of Operational Research
journal/-1865207417,IEEE T. Automation Science and Engineering
journal/1272496630,Nucleic Acids Research
conf/civr/2008,"Proceedings of the 7th ACM International Conference on Image and Video Retrieval, CIVR 2008, Niagara Falls, Canada, July 7-9, 2008",2008,ACM,db/conf/civr/civr2008.html
journal/-1846612757,T. GIS
journal/-347786249,VLSI Signal Processing
journal/1442995685,IET Communications
journal/479526531,Computer Vision and Image Understanding
journal/282622217,J. Multivariate Analysis
journal/-964468229,Journal of Applied Non-Classical Logics
journal/73541787,MONET
journal/-2134333470,IJMHCI
conf/waim/2007,"Advances in Data and Web Management, Joint 9th Asia-Pacific Web Conference, APWeb 2007, and 8th International Conference, on Web-Age Information Management, WAIM 2007, Huang Shan, China, June 16-18, 2007, Proceedings",2007,Springer,db/conf/waim/waim2007.html
journal/-1903865355,SIAM J. Imaging Sciences
journal/-1536996997,Briefings in Bioinformatics
journal/919495298,J. Graphics Tools
conf/vissym/2004,"VisSym 2004, Symposium on Visualization, Konstanz, Germany, May 19-21, 2004",2004,Eurographics Association,db/conf/vissym/vissym2004.html
journal/19483849,EAI Endorsed Trans. Mobile Communications Applications
journal/-2132910033,J. AIS
journal/2581014,TOSN
journal/-432985275,J. Heuristics
conf/apgv/2009,"Proceedings of the 6th Symposium on Applied Perception in Graphics and Visualization, APGV 2009, Chania, Crete, Greece, September 30 - October 2, 2009",2009,ACM,db/conf/apgv/apgv2009.html
journal/-950598679,Scalable Computing: Practice and Experience
journal/394925690,Interfaces
journal/-2091979689,Int. J. Approx. Reasoning
conf/tabletop/2010,"ACM International Conference on Interactive Tabletops and Surfaces, ITS 2010, Saarbrücken, Germany, November 7-10, 2010",2010,ACM,db/conf/tabletop/its2010.html
journal/-6831174,FO & DM
journal/-26540067,Concurrent Engineering: R&A
journal/853195580,"International Journal of Uncertainty, Fuzziness and Knowledge-Based Systems"
journal/65116955,Inf. Process. Manage.
journal/-690951796,Theory Comput. Syst.
journal/1256519440,VLDB J.
journal/1516013386,IEEE Transactions on Speech and Audio Processing
journal/-955627134,Computers & Chemistry
journal/-972790736,Manufacturing & Service Operations Management
journal/-968045495,Sci. Ann. Cuza Univ.
journal/1823352169,IEEE Trans. VLSI Syst.
journal/1143803293,EURASIP J. Image and Video Processing
journal/1854109083,Database
journal/1171708168,Behaviour & IT
journal/73774,JSW
journal/1266313076,IEEE Trans. Circuits Syst. Video Techn.
journal/1711160361,J. Math. Model. Algorithms
journal/808554857,J. Computational Applied Mathematics
journal/-632762923,Bioinformatics
conf/isss/2002,"Proceedings of the 15th International Symposium on System Synthesis (ISSS 2002), October 2-4, 2002, Kyoto, Japan",2002,ACM / IEEE Computer Society,db/conf/isss/isss2002.html
journal/-783467027,Computers & Graphics
journal/1747691356,Mach. Vis. Appl.
journal/1386053874,VLSI Design
journal/69694067,IJIIT
journal/-1842019087,J. Network and Computer Applications
journal/-1973859472,IEEE Trans. on Circuits and Systems
journal/513376012,Eng. Comput. (Lond.)
conf/tei/2014,"Eighth International Conference on Tangible, Embedded, and Embodied Interaction, TEI'14, Munich, Germany, February 16-19, 2014",2014,ACM,db/conf/tei/tei2014.html
journal/-1938781339,IEEE Design & Test of Computers
journal/-642746629,SIGIR Forum
conf/drr/2003,"Document Recognition and Retrieval X, 22-23 January 2003, Santa Clara, California, USA, Proceedings",2003,SPIE,db/conf/drr/drr2003.html
journal/-319028133,Parallel Computing
journal/-1503957174,Software Process: Improvement and Practice
journal/-1263005943,Software - Concepts and Tools
journal/-1860197354,Adv. in MM
journal/1044394544,J. Scheduling
journal/1249144556,"J. Graphics, GPU, & Game Tools"
journal/-2114312771,JACIII
journal/296444778,Kybernetes
conf/soups/2013,"Symposium On Usable Privacy and Security, SOUPS '13, Newcastle, United Kingdom, July 24-26, 2013",2013,ACM,db/conf/soups/soups2013.html
journal/2281095,JMPT
conf/kdd/2009vakd,"Proceedings of the ACM SIGKDD Workshop on Visual Analytics and Knowledge Discovery: Integrating Automated Analysis with Interactive Exploration, Paris, France, June 28, 2009",2009,ACM,db/conf/kdd/vakd2009.html
conf/eurogp/2001,"Genetic Programming, 4th European Conference, EuroGP 2001, Lake Como, Italy, April 18-20, 2001, Proceedings",2001,Springer,db/conf/eurogp/eurogp2001.html
journal/83669849,Neural Computing and Applications
journal/411214107,Computer Physics Communications
journal/-371282656,J. of Management Information Systems
journal/-260228462,J. Cryptology
journal/-529273885,Computer Standards & Interfaces
journal/1997547748,Journal of Visualization and Computer Animation
journal/1542465011,IEEE Transactions on Information Theory
journal/789663984,Information Visualization
journal/-1056857542,Knowl.-Based Syst.
journal/-403537818,Ad Hoc Networks
journal/159434543,Discrete Mathematics
journal/1568293218,Discrete Mathematics & Theoretical Computer Science
journal/-217573840,J. Electronic Imaging
journal/-1090072200,J. Intell. Inf. Syst.
journal/70343686,JACIC
journal/1496991937,Interactions
journal/-44067777,IEEE Transactions on Information Forensics and Security
journal/1020217784,J. Real-Time Image Processing
conf/pervasive/2012,"Pervasive Computing - 10th International Conference, Pervasive 2012, Newcastle, UK, June 18-22, 2012. Proceedings",2012,Springer,db/conf/pervasive/pervasive2012.html
journal/-1120009084,IEEE Geosci. Remote Sensing Lett.
journal/1127671084,Journal of Systems and Software
journal/-88520890,SIAM J. Matrix Analysis Applications
journal/1771918625,Peer-to-Peer Networking and Applications
journal/1600724378,J. Embedded Computing
journal/-905249785,IEEE Trans. Biomed. Engineering
conf/siggraph/1991,"Proceedings of the 18th Annual Conference on Computer Graphics and Interactive Techniques, SIGGRAPH 1991",1991,ACM,db/conf/siggraph/siggraph1991.html
journal/98283107,IEEE Transactions on Network and Service Management
journal/2081795815,Pattern Recognition
journal/1383160312,D-Lib Magazine
journal/1939455865,J. Exp. Theor. Artif. Intell.
conf/vee/2010,"Proceedings of the 6th International Conference on Virtual Execution Environments, VEE 2010, Pittsburgh, Pennsylvania, USA, March 17-19, 2010",2010,ACM,db/conf/vee/vee2010.html
journal/-2134147861,IJSNet
journal/-689164752,ACM Trans. Internet Techn.
journal/-979764118,Wireless Sensor Network
journal/-830216909,IEEE T. Vehicular Technology
journal/-845752972,Int. J. Imaging Systems and Technology
journal/1412509664,Intelligent Information Management
conf/sg/2004,"4th International Symposium, SG 2004, Banff, Canada, May 23-25, 2004, Proceedings",2004,Springer,db/conf/sg/sg2004.html
journal/-1173574590,"Signal, Image and Video Processing"
journal/2129039,EJIS
journal/73268,JCM
journal/-2138155285,J. Comput. Physics
journal/-1873111273,Machine Learning
journal/785001183,Autom. Softw. Eng.
journal/336109088,Praxis der Informationsverarbeitung und Kommunikation
journal/-1647155265,Foundations of Computational Mathematics
journal/1334133243,Virtual Reality
journal/-551236554,ACM Trans. Embedded Comput. Syst.
conf/gecco/2008,"Genetic and Evolutionary Computation Conference, GECCO 2008, Proceedings, Atlanta, GA, USA, July 12-16, 2008",2008,ACM,db/conf/gecco/gecco2008.html
journal/997549746,Pervasive and Mobile Computing
journal/2248062,IJEB
journal/2126364906,Inf. Retr.
journal/-1183204540,Adv. Artificial Intellegence
journal/783839387,Mathematical and Computer Modelling
journal/1244697442,IEEE/ACM Trans. Netw.
journal/-1268302911,Cognitive Computation
journal/-147275172,"Int. Syst. in Accounting, Finance and Management"
journal/-2134030562,IJWMIP
journal/1404832151,IEEE Systems Journal
journal/850596355,Annales des Télécommunications
journal/-842178014,SIAM J. Numerical Analysis
journal/83483340,J. Systems Science & Complexity
journal/2248326,IJMR
conf/sbm/2012,"Sketch Based Interfaces and Modeling, Annecy, France, 4-6 June, 2012. Proceedings",2012,Eurographics Association,db/conf/sbm/sbm2012.html
conf/nspw/2013,"New Security Paradigms Workshop, NSPW '13, Banff, AB, Canada, September 9-12, 2013",2013,ACM,db/conf/nspw/nspw2013.html
journal/-1217278496,NeuroImage
journal/-1179912146,Expert Systems
conf/sg/2010,"Smart Graphics, 10th International Symposium on Smart Graphics, Banff, Canada, June 24-26, 2010, Proceedings",2010,Springer,db/conf/sg/sg2010.html
journal/1727396941,Physical Communication
journal/499640087,SIAM J. Control and Optimization
journal/1293178733,IEEE Journal on Selected Areas in Communications
journal/-337314490,Grey Systems: T&A
journal/-1303196437,Int. J. on Digital Libraries
journal/-440706994,Cluster Computing
journal/1889962733,Data Knowl. Eng.
journal/1965392953,Math. Log. Q.
conf/cimaging/2008,"Computational Imaging VI, part of the IS&amp;T-SPIE Electronic Imaging Symposium, San Jose, CA, USA, January 28-29, 2008, Proceedings",2008,SPIE,db/conf/cimaging/cimaging2008.html
journal/73619,JNW
journal/1831891694,"Informatica, Lith. Acad. Sci."
journal/-1936693289,Bell Labs Technical Journal
journal/-2134031178,IJWLTT
journal/-1303644924,EURASIP J. Bioinformatics and Systems Biology
journal/1270187245,IEEE J. Emerg. Sel. Topics Circuits Syst.
journal/69698245,IJMTM
journal/-1255246933,Source Code for Biology and Medicine
journal/-2134696538,IJABIM
journal/-1233573431,Integrated Computer-Aided Engineering
conf/nspw/2007,"Proceedings of the 2007 Workshop on New Security Paradigms, White Mountain Hotel and Resort, New Hampshire, USA - September 18-21, 2007",2007,ACM,db/conf/nspw/nspw2007.html
conf/ecai/2014,"ECAI 2014 - 21st European Conference on Artificial Intelligence, 18-22 August 2014, Prague, Czech Republic - Including Prestigious Applications of Intelligent Systems (PAIS 2014)",2014,IOS Press,db/conf/ecai/ecai2014.html
journal/2272222,JDIM
journal/1321544081,Interact. Techn. Smart Edu.
conf/ivic/2009,"Visual Informatics: Bridging Research and Practice, First International Visual Informatics Conference, IVIC 2009, Kuala Lumpur, Malaysia, November 11-13, 2009, Proceedings",2009,Springer,db/conf/ivic/ivic2009.html
journal/-1569999271,J. Medical Systems
journal/-332497330,Int. J. Computer Assisted Radiology and Surgery
journal/490366234,Automatisierungstechnik
journal/-1811046972,Int. J. Intell. Syst.
journal/395268773,Computers & OR
conf/kcap/2007,"Proceedings of the 4th International Conference on Knowledge Capture (K-CAP 2007), October 28-31, 2007, Whistler, BC, Canada",2007,ACM,db/conf/kcap/kcap2007.html
journal/-1670017305,Educational Technology & Society
journal/-375570423,Computational Statistics & Data Analysis
journal/-650526745,Foundations and Trends in Human-Computer Interaction
conf/aime/2013k,"Process Support and Knowledge Representation in Health Care - AIME 2013 Joint Workshop, KR4HC 2013/ProHealth 2013, Murcia, Spain, June 1, 2013, Revised Selected Papers",2013,Springer,db/conf/aime/kr4hc2013.html
journal/62485790,APJOR
journal/-1197934028,J. Information Science
journal/-1054840300,"Computers, Environment and Urban Systems"
journal/939233988,Eng. Appl. of AI
journal/976282839,Contributions to Discrete Mathematics
journal/393721348,Algorithms
journal/69687600,IJBRA
conf/nips/2014,"Advances in Neural Information Processing Systems 27: Annual Conference on Neural Information Processing Systems 2014, December 8-13 2014, Montreal, Quebec, Canada",2014,,db/conf/nips/nips2014.html
journal/1357589151,ACM Trans. Design Autom. Electr. Syst.
journal/-874796184,it - Information Technology
journal/-1343983060,Production Engineering
journal/1840049167,Microprocessors and Microsystems - Embedded Hardware Design
journal/-1260865233,IBM Systems Journal
journal/2055741263,Operations Research
journal/2122684064,Computational Linguistics
journal/1432023811,Procedia CS
journal/272418165,World Wide Web
conf/aips/2008,"Proceedings of the Eighteenth International Conference on Automated Planning and Scheduling, ICAPS 2008, Sydney, Australia, September 14-18, 2008",2008,AAAI,db/conf/aips/icaps2008.html
journal/2101970822,Journal of Geographical Systems
conf/beliv/2014,"Proceedings of the Fifth Workshop on Beyond Time and Errors: Novel Evaluation Methods for Visualization, BELIV 2014, Paris, France, November 10, 2014",2014,ACM,db/conf/beliv/beliv2014.html
journal/-765698542,Rel. Eng. & Sys. Safety
journal/1697866372,Journal of Chemical Information and Modeling
journal/-220399451,Comp.-Aided Civil and Infrastruct. Engineering
journal/-485412584,Hypermedia
journal/-1824029112,Annual Reviews in Control
journal/1275991557,Eur. J. Comb.
journal/-1204279920,Journal Comp. Netw. and Communic.
journal/2075909612,Electron. Trans. Artif. Intell.
conf/eccv/2004hci,"Computer Vision in Human-Computer Interaction, ECCV 2004 Workshop on HCI, Prague, Czech Republic, May 16, 2004, Proceedings",2004,Springer,db/conf/eccv/eccv2004hci.html
journal/645878702,Inf. Sec. Techn. Report
journal/1020169182,SIGMETRICS Performance Evaluation Review
journal/705509898,Soft Comput.
journal/-186817180,"IEEE Transactions on Systems, Man, and Cybernetics, Part A"
journal/-249988919,OCLC Systems & Services
journal/1101620065,Scholarpedia
journal/1221261891,EURASIP J. Adv. Sig. Proc.
journal/70955110,JUSPN
journal/1755230236,Int. J. Biomedical Imaging
journal/-2134337971,IJMCMC
journal/-1330537784,Intell. Data Anal.
journal/-1009764494,IEEE Trans. Education
journal/-1317248282,J. Parallel Distrib. Comput.
conf/sg/2007,"Smart Graphics, 7th International Symposium, SG 2007, Kyoto, Japan, June 25-27, 2007, Proceedings",2007,Springer,db/conf/sg/sg2007.html
journal/-869180415,"IET Circuits, Devices & Systems"
conf/chimit/2010,"Proceedings of the 4th ACM Symposium on Computer Human Interaction for Management of Information Technology, CHIMIT 2010, San Jose, CA, USA, November 12-13, 2010",2010,ACM,db/conf/chimit/chimit2010.html
journal/-902061632,Wireless Communications and Mobile Computing
conf/iwec/2013,"Entertainment Computing - ICEC 2013 - 12th International Conference, ICEC 2013, São Paulo, Brazil, October 16-18, 2013. Proceedings",2013,Springer,db/conf/iwec/icec2013.html
journal/-1691053694,Computer and Information Science
journal/-1658354697,J. Bioinformatics and Computational Biology
conf/dagstuhl/2001svis,"Software Visualization, International Seminar Dagstuhl Castle, Germany, May 20-25, 2001, Revised Lectures",2002,Springer,db/conf/dagstuhl/svis2001.html
journal/-1788064828,J. Inf. Sci. Eng.
journal/819520680,J. Comput. Sci. Technol.
conf/cpaior/2011,"Integration of AI and OR Techniques in Constraint Programming for Combinatorial Optimization Problems - 8th International Conference, CPAIOR 2011, Berlin, Germany, May 23-27, 2011. Proceedings",2011,Springer,db/conf/cpaior/cpaior2011.html
journal/-1502545937,Journal of Computational Biology
journal/1806972097,IBM Journal of Research and Development
journal/1853611518,T. HiPEAC
journal/-1513969573,J. Informetrics
conf/eccv/2006hci,"Computer Vision in Human-Computer Interaction, ECCV 2006 Workshop on HCI, Graz, Austria, May 13, 2006, Proceedings",2006,Springer,db/conf/eccv/eccv2006hci.html
journal/-1493343519,J. Knowledge Management
journal/694607760,International Journal of Software Engineering and Knowledge Engineering
journal/287473175,Information & Software Technology
journal/2226726,Risk and Decision Analysis
conf/wicsa/2014c,"Proceedings of the WICSA 2014 Companion Volume, Sydney, NSW, Australia, April 7-11, 2014",2014,ACM,db/conf/wicsa/wicsac2014.html
journal/1098189588,IEEE T. Services Computing
journal/559197173,Sci. Comput. Program.
conf/iberspeech/2012,"Advances in Speech and Language Technologies for Iberian Languages - IberSPEECH 2012 Conference, Madrid, Spain, November 21-23, 2012. Proceedings",2012,Springer,db/conf/iberspeech/iberspeech2012.html
journal/-882970143,Comput. Graph. Forum
conf/gkr/2012,"Graph Structures for Knowledge Representation and Reasoning - Second International Workshop, GKR 2011, Barcelona, Spain, July 16, 2011. Revised Selected Papers",2012,Springer,db/conf/gkr/gkr2012.html
journal/-1459151870,J. London Math. Society
journal/456997684,Evolutionary Computation
journal/1381410962,Journal of Computer Research and Development
journal/-1054539522,Future Internet
journal/-840806745,Logic Journal of the IGPL
journal/-908555094,IEEE Transactions on Industrial Electronics
journal/2125591332,Math. Program.
journal/-2113194878,IEEE Trans. Computers
conf/rskt/2012,"Rough Sets and Knowledge Technology - 7th International Conference, RSKT 2012, Chengdu, China, August 17-20, 2012. Proceedings",2012,Springer,db/conf/rskt/rskt2012.html
journal/527207680,Transactions on Computational Science
journal/69689368,IJDMB
journal/1721619812,Comput. J.
journal/595169523,J. Data Semantics
journal/561601233,IEEE Trans. Biomed. Circuits and Systems
journal/897176237,Int. J. Systems Science
journal/-833399622,IEEE T. Haptics
journal/130243160,IEEE Wireless Commun. Letters
journal/1543877639,Appl. Soft Comput.
conf/civr/2003,"Image and Video Retrieval, Second International Conference, CIVR 2003, Urbana-Champaign, IL, USA, July 24-25, 2003, Proceedings",2003,Springer,db/conf/civr/civr2003.html
journal/-621077339,J. Instruction-Level Parallelism
journal/-942188090,Scientometrics
journal/69695816,IJKDB
journal/2248068,IJEH
journal/-1034269150,Applied Artificial Intelligence
journal/1835939046,Neural Computation
journal/1274924709,Journal of Quantitative Linguistics
journal/2283078,JORS
journal/431070554,Optimization Letters
journal/-1157716213,Journal of Multimedia
conf/giscience/2014et4s,"Proceedings of the 2nd International Workshop on Eye Tracking for Spatial Research co-located with the 8th International Conference on Geographic Information Science, ET4S@GIScience 2014, Vienna, Austria, September 23, 2014.",2014,CEUR-WS.org,db/conf/giscience/et4s2014.html
